Probe,poly_N,Barcode_forward,specific_forward_primer,poly_N_rev,Barcode_reverse,specific_reverse_primer
C1_S1_A,NNNN,,AATCTGGTTGATCCTGCCAG,NN,,TGATCCTTCTGCAGGTTCACCTA
C1_S1_B,NNN,,AATCTGGTTGATCCTGCCAG,NNN,,TGATCCTTCTGCAGGTTCACCTA
C1_S5_A,NN,,AATCTGGTTGATCCTGCCAG,NNNN,,TGATCCTTCTGCAGGTTCACCTA
C1_S5_B,N,,AATCTGGTTGATCCTGCCAG,NNNNN,,TGATCCTTCTGCAGGTTCACCTA
C1_S7_A,NNNNN,,AATCTGGTTGATCCTGCCAG,N,,TGATCCTTCTGCAGGTTCACCTA
C1_S7_B,NNNN,,AATCTGGTTGATCCTGCCAG,NN,,TGATCCTTCTGCAGGTTCACCTA
C2_S1_A,NNN,,AATCTGGTTGATCCTGCCAG,NNN,,TGATCCTTCTGCAGGTTCACCTA
C2_S1_B,NN,,AATCTGGTTGATCCTGCCAG,NNNN,,TGATCCTTCTGCAGGTTCACCTA
C2_S5_A,N,,AATCTGGTTGATCCTGCCAG,NNNNN,,TGATCCTTCTGCAGGTTCACCTA
C2_S5_B,NNNN,,AATCTGGTTGATCCTGCCAG,NN,,TGATCCTTCTGCAGGTTCACCTA
C2_S7_A,NNN,,AATCTGGTTGATCCTGCCAG,NNN,,TGATCCTTCTGCAGGTTCACCTA
C2_S7_B,NN,,AATCTGGTTGATCCTGCCAG,NNNN,,TGATCCTTCTGCAGGTTCACCTA
C3_S1_A,N,,AATCTGGTTGATCCTGCCAG,NNNNN,,TGATCCTTCTGCAGGTTCACCTA
C3_S1_B,NNNN,,AATCTGGTTGATCCTGCCAG,NN,,TGATCCTTCTGCAGGTTCACCTA
C3_S5_A,NNNNN,,AATCTGGTTGATCCTGCCAG,N,,TGATCCTTCTGCAGGTTCACCTA
C3_S5_B,NNN,,AATCTGGTTGATCCTGCCAG,NNN,,TGATCCTTCTGCAGGTTCACCTA
C3_S7_A,NN,,AATCTGGTTGATCCTGCCAG,NNNN,,TGATCCTTCTGCAGGTTCACCTA
C3_S7_B,N,,AATCTGGTTGATCCTGCCAG,NNNNN,,TGATCCTTCTGCAGGTTCACCTA
T1_S1_A,NNNNN,,AATCTGGTTGATCCTGCCAG,N,,TGATCCTTCTGCAGGTTCACCTA
T1_S1_B,NNNN,,AATCTGGTTGATCCTGCCAG,NN,,TGATCCTTCTGCAGGTTCACCTA
T1_S5_A,N,,AATCTGGTTGATCCTGCCAG,NNNNN,,TGATCCTTCTGCAGGTTCACCTA
T1_S5_B,NN,,AATCTGGTTGATCCTGCCAG,NNNN,,TGATCCTTCTGCAGGTTCACCTA
T1_S7_A,NNNN,,AATCTGGTTGATCCTGCCAG,NN,,TGATCCTTCTGCAGGTTCACCTA
T1_S7_B,NNNNN,,AATCTGGTTGATCCTGCCAG,N,,TGATCCTTCTGCAGGTTCACCTA
T2_S1_A,NNNN,,AATCTGGTTGATCCTGCCAG,NN,,TGATCCTTCTGCAGGTTCACCTA
T2_S1_B,N,,AATCTGGTTGATCCTGCCAG,NNNNN,,TGATCCTTCTGCAGGTTCACCTA
T2_S5_A,NNN,,AATCTGGTTGATCCTGCCAG,NNN,,TGATCCTTCTGCAGGTTCACCTA
T2_S5_B,NN,,AATCTGGTTGATCCTGCCAG,NNNN,,TGATCCTTCTGCAGGTTCACCTA
T2_S7_A,NNNN,,AATCTGGTTGATCCTGCCAG,NN,,TGATCCTTCTGCAGGTTCACCTA
T2_S7_B,NN,,AATCTGGTTGATCCTGCCAG,NNNN,,TGATCCTTCTGCAGGTTCACCTA
T3_S1_A,N,,AATCTGGTTGATCCTGCCAG,NNNNN,,TGATCCTTCTGCAGGTTCACCTA
T3_S1_B,NNN,,AATCTGGTTGATCCTGCCAG,NNN,,TGATCCTTCTGCAGGTTCACCTA
T3_S5_A,NN,,AATCTGGTTGATCCTGCCAG,NNNN,,TGATCCTTCTGCAGGTTCACCTA
T3_S5_B,N,,AATCTGGTTGATCCTGCCAG,NNNNN,,TGATCCTTCTGCAGGTTCACCTA
T3_S7_A,NNN,,AATCTGGTTGATCCTGCCAG,NNN,,TGATCCTTCTGCAGGTTCACCTA
T3_S7_B,NN,,AATCTGGTTGATCCTGCCAG,NNNN,,TGATCCTTCTGCAGGTTCACCTA
